"","site.name","breeding_density_ha_side","breeding_biomass_kgha_side","adult_density_ha_side","adult_biomass_kgha_side","breeding_biomass_kgha_100m","breeding_biomass_kgha_200m","breeding_biomass_kgha_motu","breeding_density_ha_100m","breeding_density_ha_200m","breeding_density_ha_motu","adult_biomass_kgha_100m","adult_biomass_kgha_200m","adult_biomass_kgha_motu","adult_density_ha_100m","adult_density_ha_200m","adult_density_ha_motu"
"1","Aie_Exposed",400,128,606.666666666667,444.78,208.92,170.61,253.36,440,570,453.333333333333,423.42,465,469.09,660,440,596.666666666667
"2","Aie_Protected",506.666666666667,378.72,586.666666666667,493.4,741,441.93,253.36,760,550,453.333333333333,1232.28,1337.34,469.09,1280,710,596.666666666667
"3","Reiono_Exposed",122.222222222222,115.353333333333,97.7777777777778,75.5422222222222,78,51.09,166.203157894737,80,70,177.894736842105,78,112.08,233.829473684211,80,100,270.526315789474
"4","Reiono_Protected",240,222.52,451.111111111111,402.151111111111,78,58.5,166.203157894737,80,60,177.894736842105,82.68,219.18,233.829473684211,120,130,270.526315789474
"5","Rimatuu_Exposed",2071.05263,500.71105,2912.10526,618.22842,3.78,3.06,6.48,20,20,37.6470588235294,7.56,12.24,11.8217647058824,40,40,68.8235294117647
"6","Rimatuu_Protected",30.5263157894737,5.39052631578947,62.1052631578948,10.8284210526316,0,3.78,6.48,0,20,37.6470588235294,3.78,18.9,11.8217647058824,20,50,68.8235294117647
