"","Motu","Exposure","breeding_density_ha_side","breeding_biomass_kgha_side","adult_density_ha_side","adult_biomass_kgha_side"
"1","Aie","Exposed",400,128,606.666666666667,444.78
"2","Aie","Protected",506.666666666667,378.72,586.666666666667,493.4
"3","Reiono","Exposed",122.222222222222,115.353333333333,97.7777777777778,75.5422222222222
"4","Reiono","Protected",240,222.52,451.111111111111,402.151111111111
"5","Rimatuu","Protected",30.5263157894737,5.39052631578947,62.1052631578948,10.8284210526316
"6","Rimatuu","Exposed",2071.05263,500.71105,2912.10526,618.22842
